species,rare,Naturalised,naturalized.hybrids,vetted,invasive,species.hybrids,genus.hybrids,tropical,subtropical,temperate,frigidzone,climate.sum,hermaphroditic,dioecious,monoecious,wind,animal,asexual,herbaceous,variable,woody,woodiness,fleshy.fruit,ln.shybrids,ln.ghybrids
41,1,0,0,1,0,0,0,1,1,0,0,2,0,1,1,0,1,0,NA,NA,NA,NA,0.5,0,0
29,0,0,0,0,0,0,0,0,0,1,0,1,0,1,0,0,1,0,NA,NA,NA,NA,0,0,0
7,0,1,0,0,0,0,0,1,1,0,0,2,0,1,0,0,1,NA,NA,NA,NA,NA,0,0,0
1,0,0,0,0,0,0,0,0,1,0,0,1,1,0,0,0,1,0,NA,NA,NA,NA,0,0,0
1,0,0,0,0,0,0,0,1,1,0,0,2,1,0,0,0,1,0,NA,NA,NA,NA,0,0,0
1,0,0,0,0,0,0,0,1,0,0,0,1,0,0,0,0,1,0,NA,NA,NA,NA,NA,0,0
6021,98,341,1,658,22,317,1,1,1,1,1,4,1,1,1,1,0,0,1,0,0,1,0,5.762051383,0.693147181
2998,202,14,1,371,4,8,0,1,1,0,0,2,1,1,1,0,1,0,0,0,1,1,1,2.197224577,0
2924,45,38,0,57,3,3,0,1,1,1,0,3,1,0,1,0,1,0,0,0,1,1,0.5,1.386294361,0
2856,359,62,1,584,13,22,5,1,1,0,0,2,1,1,1,1,1,0,0,0,1,1,0.5,3.135494216,1.791759469
2380,73,141,14,181,10,174,20,1,1,1,0,3,1,0,0,0,1,0,1,0,0,1,0.5,5.164785974,3.044522438
2352,110,97,21,237,17,404,1,0,0,1,1,2,0,1,0,1,0,1,0,0,1,1,0,6.003887067,0.693147181
1973,29,1,0,38,3,2,0,1,1,1,0,3,1,0,1,0,1,0,0,0,1,1,0.5,1.098612289,0
1854,27,27,0,62,5,39,0,1,1,1,0,3,1,1,1,0,1,1,0,0,1,1,0.5,3.688879454,0
1668,29,29,0,134,4,7,0,1,1,0,0,2,1,0,0,0,1,0,1,0,0,1,0.5,2.079441542,0
1490,275,15,0,372,2,1,0,0,1,0,0,1,1,0,0,0,1,0,0,0,1,1,1,0.693147181,0
1483,7,28,4,21,0,243,2,0,0,1,1,2,1,0,0,0,1,0,1,0,0,1,0,5.497168225,1.098612289
1311,62,12,1,104,2,1,0,1,1,1,0,3,1,0,1,0,1,1,0,0,1,1,0.5,0.693147181,0
1228,32,7,0,94,0,1,0,1,1,1,0,3,0,1,1,1,0,0,1,0,0,1,0,0.693147181,0
1186,157,16,0,247,5,1,0,1,1,0,0,2,1,1,1,0,1,1,0,0,1,1,0.5,0.693147181,0
1087,70,35,3,275,3,216,0,0,1,1,1,3,0,1,1,1,0,0,0,0,1,1,0,5.379897354,0
1078,26,6,0,41,0,1,0,0,1,1,0,2,0,1,0,1,0,0,0,0,1,1,0.5,0.693147181,0
889,60,5,0,105,0,0,0,1,1,0,0,2,1,1,1,0,1,1,0,0,1,1,0.5,0,0
868,40,3,0,51,1,1,0,1,1,1,0,3,1,1,0,0,1,0,0,0,1,1,0.5,0.693147181,0
821,376,0,0,405,0,0,0,0,1,0,0,1,1,0,0,0,1,1,0,0,1,1,0,0,0
804,24,34,0,64,2,24,0,1,1,1,1,4,1,0,0,0,1,1,1,0,0,1,0,3.218875825,0
798,75,11,2,144,5,6,0,1,1,1,0,3,0,1,1,0,1,0,0,0,1,1,1,1.945910149,0
797,81,10,0,186,1,0,0,1,1,1,0,3,1,1,0,0,1,0,0,0,1,1,0.5,0,0
794,7,49,0,34,3,3,0,1,1,0,0,2,1,0,1,0,1,0,1,0,0,1,0.5,1.386294361,0
776,160,2,0,226,0,0,0,0,1,0,0,1,0,1,1,0,1,0,0,0,1,1,0.5,0,0
700,39,2,0,47,0,0,0,1,1,0,0,2,1,0,1,0,1,1,0,0,1,1,1,0,0
693,23,12,0,61,0,2,0,1,1,1,0,3,1,1,1,0,1,1,1,0,0,1,0.5,1.098612289,0
688,17,7,0,26,1,0,0,1,1,1,0,3,1,0,0,0,1,1,0,0,1,1,0.5,0,0
638,20,10,0,28,3,0,0,1,1,0,0,2,1,0,0,0,1,0,1,0,0,1,0.5,0,0
637,17,2,0,38,0,0,0,1,1,1,0,3,1,0,0,0,1,0,0,0,1,1,0,0,0
634,64,1,0,74,3,0,0,0,1,0,0,1,1,0,0,0,1,0,0,0,1,1,0,0,0
557,41,4,0,60,0,0,0,1,1,0,0,2,1,0,1,0,1,0,0,0,1,1,1,0,0
556,90,3,0,183,1,7,2,1,1,0,0,2,1,0,0,0,1,0,0,0,1,1,0.5,2.079441542,1.098612289
531,1,0,0,10,0,0,0,1,1,1,0,3,1,1,1,1,0,0,1,0,0,1,0,0,0
527,51,1,0,118,0,3,0,1,1,1,0,3,1,1,1,0,1,0,0,0,1,1,0.5,1.386294361,0
512,6,78,0,65,7,43,0,0,0,1,1,2,1,1,0,1,0,0,1,0,0,1,0,3.784189634,0
484,11,9,0,187,1,3,0,1,1,1,1,4,1,0,0,0,1,0,1,0,0,1,0,1.386294361,0
472,55,0,0,104,0,0,0,1,1,0,0,2,1,0,0,1,0,0,1,0,0,1,0,0,0
470,4,17,0,6,1,34,0,0,1,1,1,3,1,1,0,0,1,1,0,0,1,1,1,3.555348061,0
464,9,17,1,18,1,0,0,1,1,1,0,3,1,0,0,0,1,0,1,0,0,1,0,0,0
459,7,0,0,10,0,0,0,0,1,0,0,1,1,1,0,0,1,0,0,0,1,1,0,0,0
430,12,0,0,18,0,0,0,1,1,1,0,3,1,1,1,0,1,0,0,0,1,1,0,0,0
429,29,5,0,46,0,1,0,1,1,1,0,3,1,1,1,0,1,0,0,0,1,1,0.5,0.693147181,0
401,11,4,0,31,0,1,0,1,1,0,0,2,1,0,0,0,1,0,1,0,0,1,0,0.693147181,0
376,90,4,0,105,0,0,0,1,1,0,0,2,1,0,0,0,1,1,0,0,1,1,0.5,0,0
358,0,0,0,0,0,0,0,1,1,1,0,3,1,1,1,0,1,0,1,0,0,1,0.5,0,0
316,1,0,0,3,0,1,0,1,1,0,0,2,1,0,0,0,1,0,0,0,1,1,0,0.693147181,0
306,148,16,2,208,2,19,0,1,1,1,0,3,1,0,1,0,1,1,0,0,1,1,0.5,2.995732274,0
292,8,3,0,21,1,3,0,0,0,1,0,1,1,0,0,0,1,1,1,0,0,1,0,1.386294361,0
288,6,1,0,20,0,0,0,1,1,0,0,2,1,1,1,0,1,0,0,0,1,1,0.5,0,0
288,4,0,0,4,0,0,0,0,1,0,0,1,1,0,0,0,1,0,0,0,1,1,0,0,0
287,9,2,0,10,0,1,0,1,1,0,0,2,NA,NA,NA,0,1,1,0,0,1,1,1,0.693147181,0
284,12,3,0,15,0,5,0,1,1,1,0,3,1,0,0,0,1,0,1,0,0,1,0.5,1.791759469,0
274,2,18,3,15,1,25,0,1,1,1,0,3,1,0,0,0,1,0,1,0,0,1,1,3.258096538,0
270,19,26,1,116,22,60,0,0,0,1,0,1,0,0,1,1,0,1,0,0,1,1,0,4.110873864,0
261,46,1,0,70,0,0,0,1,0,0,0,1,NA,NA,NA,0,1,0,0,0,1,1,NA,0,0
259,4,0,0,12,0,0,0,1,1,0,0,2,1,0,0,0,1,0,0,0,1,1,1,0,0
239,17,4,0,22,0,0,0,1,1,1,0,3,1,0,1,0,1,0,0,0,1,1,0.5,0,0
231,19,0,0,31,0,0,0,1,1,0,0,2,1,0,1,0,1,0,0,0,1,1,0.5,0,0
227,8,3,0,11,3,0,0,1,1,0,0,2,0,1,1,0,1,0,0,0,1,1,0.5,0,0
221,26,0,0,30,0,0,0,1,1,0,0,2,1,1,0,0,1,0,0,0,1,1,NA,0,0
209,15,6,0,17,0,4,0,0,1,0,0,1,1,0,0,0,1,0,1,0,0,1,1,1.609437912,0
201,15,5,0,36,2,4,0,1,1,0,0,2,1,0,1,0,1,0,0,0,1,1,0.5,1.609437912,0
196,1,13,0,17,2,0,0,0,1,1,0,2,1,1,0,0,1,0,0,0,1,1,0,0,0
190,0,9,0,2,0,6,0,0,0,1,1,2,1,1,1,0,1,1,1,0,0,1,0,1.945910149,0
188,0,9,0,0,0,2,0,1,1,1,0,3,NA,NA,NA,0,1,0,1,0,0,1,NA,1.098612289,0
186,9,10,0,133,0,10,0,1,1,1,1,4,1,0,0,0,1,0,1,0,0,1,0,2.397895273,0
185,13,20,3,37,3,18,0,1,1,1,0,3,0,1,1,1,0,1,0,0,1,1,0.5,2.944438979,0
171,2,4,0,4,1,0,1,1,1,1,0,3,1,0,0,0,1,0,1,0,0,1,0.5,0,0.693147181
167,10,11,1,19,2,9,0,1,1,1,0,3,1,0,1,1,1,0,0,0,1,1,0.5,2.302585093,0
165,2,0,0,9,0,0,0,1,1,1,0,3,1,0,1,0,1,1,1,0,0,1,0,0,0
156,8,4,1,13,0,12,0,1,1,1,0,3,1,0,0,0,1,0,0,0,1,1,0.5,2.564949357,0
150,8,5,0,8,1,8,0,1,1,1,0,3,1,0,0,0,1,1,1,0,0,1,0.5,2.197224577,0
149,6,29,0,64,0,0,0,1,1,1,0,3,0,1,1,0,1,0,1,0,0,1,0.5,0,0
149,4,16,2,47,1,82,0,1,1,1,1,4,1,0,0,1,0,1,1,0,0,1,0.5,4.418840608,0
143,9,3,0,12,0,3,1,1,1,1,0,3,1,0,1,1,0,0,0,0,1,1,0,1.386294361,0.693147181
142,10,6,0,17,1,0,0,1,1,1,0,3,0,1,1,0,1,1,0,0,1,1,0.5,0,0
142,8,6,0,21,2,1,0,0,0,1,0,1,1,0,0,0,1,0,1,0,0,1,0.5,0.693147181,0
141,0,0,0,0,0,0,0,0,1,1,0,2,1,0,0,0,1,0,0,0,1,1,NA,0,0
139,2,10,2,7,1,5,0,1,1,1,0,3,1,1,0,1,1,0,0,0,1,1,0,1.791759469,0
136,6,23,0,34,4,5,0,1,1,1,0,3,1,1,1,0,1,0,1,0,0,1,0,1.791759469,0
136,5,0,0,6,0,0,1,1,1,1,0,3,1,0,1,1,0,0,0,0,1,1,0.5,0,0.693147181
128,4,6,0,7,1,2,0,1,1,1,0,3,0,1,1,1,0,0,0,0,1,1,0.5,1.098612289,0
125,0,0,0,0,0,0,0,0,1,0,0,1,1,0,0,0,1,0,0,0,1,1,0,0,0
104,0,4,0,1,1,0,0,1,1,1,0,3,1,0,0,0,1,0,1,0,0,1,0,0,0
104,5,0,0,7,0,0,0,0,1,0,0,1,0,1,0,0,1,0,0,0,1,1,1,0,0
102,14,3,0,24,0,0,0,1,1,1,0,3,1,0,0,0,1,0,0,0,1,1,0,0,0
96,0,11,1,2,4,0,0,1,1,1,0,3,0,1,1,1,0,1,0,0,1,1,0,0,0
96,6,1,0,6,0,0,0,1,1,1,0,3,0,1,1,0,1,0,0,0,1,1,1,0,0
85,8,0,0,13,0,0,0,1,1,0,0,2,1,0,1,0,1,0,0,0,1,1,0,0,0
79,5,0,0,6,0,0,0,0,1,0,0,1,1,0,0,0,1,0,0,0,1,1,1,0,0
79,1,1,0,4,0,0,0,1,1,1,0,3,1,1,1,0,1,0,0,0,1,1,0.5,0,0
77,2,0,0,3,0,0,0,1,1,1,0,3,NA,NA,NA,0,1,0,0,0,1,1,NA,0,0
77,4,0,0,8,0,0,0,1,1,0,0,2,1,1,1,0,1,0,0,0,1,1,NA,0,0
74,16,0,0,27,0,0,0,0,1,0,0,1,1,0,0,0,1,0,0,0,1,1,0,0,0
71,3,0,0,3,0,0,0,1,0,0,0,1,0,1,0,0,1,0,0,0,1,1,0.5,0,0
69,1,2,0,1,0,0,0,0,1,1,0,2,1,1,1,0,1,0,1,0,0,1,0,0,0
69,1,3,0,2,1,1,0,1,1,1,0,3,0,1,1,0,1,0,1,0,0,1,0.5,0.693147181,0
67,18,0,0,21,0,0,0,0,1,0,0,1,1,1,0,0,1,0,0,0,1,1,0,0,0
67,7,0,0,8,0,0,0,0,1,0,0,1,0,1,1,0,1,0,0,0,1,1,1,0,0
63,0,0,0,0,0,0,0,1,1,0,0,2,0,1,1,0,1,1,1,0,0,1,0,0,0
61,0,0,0,0,0,0,0,0,1,1,0,2,1,1,1,0,1,0,0,0,1,1,0,0,0
60,14,3,0,33,0,0,0,1,1,0,0,2,1,0,0,0,1,0,1,0,0,1,0,0,0
58,3,3,0,7,1,1,0,1,1,0,0,2,0,0,1,0,1,1,0,0,1,1,1,0.693147181,0
58,0,13,2,21,0,15,0,1,1,1,0,3,0,0,1,1,0,0,1,0,0,1,0,2.772588722,0
56,0,0,0,0,0,0,0,1,1,0,0,2,NA,NA,NA,0,1,0,0,0,1,1,NA,0,0
55,2,0,0,2,0,0,0,0,1,0,0,1,1,1,1,0,1,0,1,0,0,1,0,0,0
52,0,4,0,4,1,0,0,0,1,1,1,3,0,1,1,1,0,0,1,0,0,1,0,0,0
51,2,5,0,7,0,36,0,1,1,1,0,3,1,0,0,0,1,0,1,0,0,1,0,3.610917913,0
48,12,0,0,14,0,0,0,0,1,0,0,1,1,0,0,0,1,0,0,0,1,1,0,0,0
47,2,0,0,4,0,0,0,0,1,0,0,1,1,0,0,0,1,0,0,0,1,1,0,0,0
47,1,0,0,3,0,0,0,1,1,0,0,2,NA,NA,NA,0,1,0,0,0,1,1,NA,0,0
46,2,0,0,2,0,0,0,0,1,0,0,1,1,1,0,0,1,0,0,0,1,1,1,0,0
46,0,0,0,0,0,0,0,0,1,0,0,1,1,0,0,0,1,0,0,0,1,1,0.5,0,0
45,13,0,0,17,1,0,0,0,1,0,0,1,1,0,1,0,1,0,0,0,1,1,0.5,0,0
44,0,0,0,0,0,0,0,0,0,1,0,1,1,0,0,0,1,0,0,0,1,1,0,0,0
42,0,1,0,1,0,0,0,1,1,0,0,2,1,0,0,0,1,0,0,0,1,1,0,0,0
41,1,2,0,3,0,0,0,1,1,1,0,3,1,0,0,0,1,0,0,0,1,1,0,0,0
40,0,5,0,0,0,0,0,1,1,0,0,2,1,0,0,0,1,0,1,0,0,1,0.5,0,0
40,0,0,0,0,0,0,0,0,1,0,0,1,1,0,1,0,1,0,1,0,0,1,1,0,0
39,0,14,0,8,0,0,0,1,1,0,0,2,1,0,0,0,1,0,1,0,0,1,0,0,0
39,0,0,0,0,0,0,0,1,1,0,0,2,1,0,1,0,1,0,1,0,0,1,0,0,0
37,2,0,0,2,0,0,0,1,1,1,0,3,1,0,1,0,1,0,1,0,0,1,0.5,0,0
37,0,0,0,0,0,0,0,0,1,0,0,1,1,0,1,0,1,0,0,0,1,1,0,0,0
36,0,0,0,0,0,0,0,1,1,1,0,3,0,1,0,0,1,0,0,0,1,1,1,0,0
36,0,0,0,0,0,1,0,1,1,1,1,4,1,0,0,0,1,0,1,0,0,1,NA,0.693147181,0
36,11,2,0,37,0,7,0,1,1,1,0,3,0,0,0,0,1,0,0,0,1,1,NA,2.079441542,0
33,0,0,0,0,0,0,0,1,1,1,0,3,1,0,1,0,1,0,0,0,1,1,0,0,0
31,0,4,0,1,1,0,0,NA,NA,NA,NA,NA,NA,NA,NA,0,1,0,1,0,0,1,NA,0,0
29,0,0,0,0,0,0,0,1,1,1,0,3,0,1,1,0,1,0,1,0,0,1,1,0,0
29,0,1,0,0,0,2,0,1,1,1,0,3,NA,NA,NA,0,1,0,0,0,1,1,NA,1.098612289,0
29,0,3,0,1,0,0,0,1,1,0,0,2,1,1,1,0,1,0,0,0,1,1,1,0,0
28,0,1,0,1,0,1,0,0,1,0,0,1,0,1,0,1,0,0,0,0,1,1,0.5,0.693147181,0
28,0,1,0,0,0,1,0,0,0,1,1,2,1,1,1,0,1,0,1,0,0,1,NA,0.693147181,0
27,0,0,0,0,0,0,0,1,1,0,0,2,1,0,1,0,1,0,1,0,0,1,0,0,0
27,9,0,0,16,0,0,0,1,1,1,0,3,0,1,1,0,1,0,1,0,0,1,0,0,0
27,1,1,0,2,0,0,0,1,1,1,0,3,1,0,0,0,1,1,1,0,0,1,0,0,0
26,0,0,0,0,0,0,0,1,1,1,0,3,1,1,1,0,1,0,0,0,1,1,0,0,0
26,5,0,0,7,0,0,0,0,1,0,0,1,1,0,0,0,1,0,0,0,1,1,0.5,0,0
26,0,0,0,0,0,0,0,1,1,0,0,2,1,0,0,0,1,0,0,0,1,1,0,0,0
25,6,2,0,19,0,0,0,1,1,1,1,4,0,1,1,0,0,0,1,0,0,1,0,0,0
24,6,0,0,6,0,0,0,0,1,0,0,1,1,0,0,0,1,0,0,0,1,1,1,0,0
24,1,0,0,4,0,0,0,1,1,0,0,2,1,0,0,0,1,0,0,0,1,1,0,0,0
24,0,0,0,0,0,0,0,0,1,0,0,1,0,1,1,0,1,0,0,0,1,1,0.5,0,0
23,0,0,0,0,0,1,0,1,1,1,0,3,1,0,0,0,1,0,0,0,1,1,NA,0.693147181,0
23,0,0,0,0,0,0,0,1,1,1,0,3,0,1,1,0,1,0,0,0,1,1,0.5,0,0
22,0,5,0,0,2,0,0,0,1,0,0,1,1,0,1,0,1,0,0,1,0,1,0,0,0
22,0,1,0,1,0,0,0,0,1,0,0,1,0,1,1,0,1,0,0,0,1,1,0,0,0
21,1,1,0,5,0,0,0,1,1,1,0,3,0,0,1,0,1,0,0,0,1,1,0,0,0
20,7,0,0,13,0,0,0,0,1,0,0,1,1,0,0,0,1,0,0,0,1,1,NA,0,0
18,1,0,0,1,0,0,0,1,1,0,0,2,1,0,0,0,1,0,1,0,0,1,0,0,0
17,0,1,0,13,0,0,0,1,1,0,0,2,0,1,0,0,0,0,1,0,0,1,0.5,0,0
17,0,0,0,0,0,0,0,1,0,0,0,1,1,1,0,0,1,0,0,0,1,1,0,0,0
16,0,1,0,0,0,0,0,0,0,1,0,1,1,0,0,0,1,0,1,0,0,1,0,0,0
15,0,1,0,0,0,0,0,1,1,1,0,3,NA,NA,NA,0,1,0,0,0,1,1,NA,0,0
15,0,0,0,0,0,0,0,0,1,1,0,2,1,0,0,0,1,0,0,0,1,1,1,0,0
15,0,0,0,0,0,0,0,1,1,1,0,3,1,0,1,0,1,0,0,0,1,1,1,0,0
14,1,0,0,1,0,0,0,1,0,0,1,2,1,0,1,0,1,0,0,0,1,1,1,0,0
14,0,5,1,0,5,5,0,1,1,0,0,2,1,0,0,0,1,0,1,0,0,1,0,1.791759469,0
14,0,1,0,1,1,2,0,1,1,1,0,3,1,0,1,0,1,0,0,0,1,1,0,1.098612289,0
14,8,0,0,10,0,0,0,0,1,0,0,1,1,0,0,0,1,0,0,0,1,1,0,0,0
14,0,0,0,0,0,0,0,0,1,0,0,1,0,1,0,0,1,0,0,0,1,1,1,0,0
13,0,3,0,0,2,0,1,0,1,1,0,2,1,0,0,0,1,1,0,0,1,1,0,0,0.693147181
12,0,0,0,0,0,0,0,0,0,1,0,1,0,1,1,1,0,0,1,0,0,1,0,0,0
12,0,0,0,0,0,0,0,0,1,1,0,2,0,1,1,0,0,0.5,1,0,0,1,0,0,0
12,0,0,0,0,0,0,0,0,1,0,0,1,1,0,0,0,1,0,0,0,1,1,0.5,0,0
11,0,0,0,0,0,0,0,1,1,0,0,2,0,1,0,0,1,0,0,0,1,1,1,0,0
11,0,0,0,0,0,0,0,1,1,1,0,3,0,1,1,0,1,0,1,0,0,1,1,0,0
11,0,0,0,0,0,0,0,1,1,0,0,2,1,0,0,0,1,0,1,0,0,1,1,0,0
11,2,0,0,3,0,0,0,0,1,0,0,1,1,0,0,0,1,0,0,0,1,1,1,0,0
11,0,0,0,0,0,0,0,1,1,0,0,2,1,1,1,0,1,0,0,0,1,1,1,0,0
11,0,0,0,0,0,0,0,1,1,1,0,3,1,0,0,0,1,0,1,0,0,1,0,0,0
10,0,0,0,0,0,0,0,NA,NA,NA,NA,NA,NA,NA,NA,0,1,0,0,0,1,1,NA,0,0
10,0,0,0,0,0,0,0,0,1,1,0,2,1,0,1,0,1,0,0,0,1,1,0,0,0
10,0,0,0,0,0,0,0,0,1,0,0,1,0,1,0,0,1,0,1,0,0,1,1,0,0
10,0,1,0,0,0,0,0,0,1,1,0,2,1,0,0,0,1,0,1,0,0,1,0,0,0
10,1,4,1,2,1,1,0,0,0,1,0,1,0,0,1,1,0,0,0,0,1,1,0,0.693147181,0
10,1,1,0,8,0,0,0,0,1,1,0,2,1,0,0,0,0,0,1,0,0,1,1,0,0
10,4,0,0,7,0,0,0,0,0,1,0,1,0,1,1,0,1,0,0,0,1,1,NA,0,0
9,1,0,0,1,0,0,0,1,1,0,0,2,0,1,0,0,1,0,0,0,1,1,0,0,0
9,0,1,0,0,0,0,0,1,1,0,0,2,1,0,0,0,1,1,0,0,1,1,0.5,0,0
9,0,0,0,0,0,0,0,0,1,1,0,2,1,0,1,0,1,0,0,0,1,1,0,0,0
9,0,3,0,1,1,0,0,1,1,1,0,3,1,0,0,0,1,1,1,0,0,1,0.5,0,0
8,6,0,0,8,0,0,0,0,1,0,0,1,1,0,0,0,1,0,0,0,1,1,0,0,0
8,0,0,0,0,0,0,0,0,1,0,0,1,1,0,0,0,1,0,0,0,1,1,0,0,0
8,0,0,0,0,0,0,0,1,1,0,0,2,0,0,1,0,1,0,0,0,1,1,0,0,0
8,0,0,0,0,0,0,0,1,1,0,0,2,NA,NA,NA,0,1,0,1,0,0,1,NA,0,0
8,0,1,0,0,0,0,0,1,1,0,0,2,1,0,0,0,1,0,1,0,0,1,0,0,0
8,0,1,0,5,1,0,0,0,1,1,0,2,1,0,0,1,0,0,1,0,0,1,0.5,0,0
8,1,0,0,2,0,0,0,1,1,0,0,2,1,0,0,0,1,0,0,0,1,1,1,0,0
7,1,0,0,6,0,0,0,0,1,1,0,2,1,0,0,0,1,0,1,0,0,1,0,0,0
7,8,0,0,11,0,0,0,1,1,0,0,2,NA,NA,NA,0,1,0,0,0,1,1,NA,0,0
7,0,0,0,0,0,0,0,1,1,0,0,2,1,0,0,0,1,0,1,0,0,1,0,0,0
6,0,0,0,0,0,0,0,1,0,0,0,1,NA,NA,NA,0,1,0,0,0,1,1,NA,0,0
6,0,4,0,1,0,0,0,1,1,1,0,3,1,0,0,0,1,0,1,0,0,1,0,0,0
6,1,0,0,1,0,0,0,0,1,0,0,1,1,0,0,0,1,0,0,0,1,1,0,0,0
6,0,0,0,0,0,0,0,NA,NA,NA,NA,NA,1,0,0,0,1,0,0,0,1,1,1,0,0
6,2,0,0,2,0,0,0,1,1,0,0,2,1,1,1,0,1,0,0,0,1,1,0.5,0,0
6,0,0,0,0,0,0,0,0,1,0,0,1,1,0,0,0,1,0,0,0,1,1,1,0,0
5,0,2,0,2,0,0,0,0,1,1,1,3,1,0,0,0,1,0,1,0,0,1,0.5,0,0
5,0,1,0,0,0,0,0,0,1,0,0,1,0,1,1,0,1,0,0,0,1,1,1,0,0
5,0,0,0,0,0,0,0,0,1,1,0,2,1,0,0,0,1,0,1,0,0,1,0,0,0
5,0,3,0,3,0,0,0,1,1,1,0,3,0,0,1,0,0,0,1,0,0,1,0,0,0
5,0,1,0,0,0,0,0,1,1,0,0,2,1,0,0,0,1,0,0,0,1,1,1,0,0
5,0,0,0,0,0,0,0,0,1,0,0,1,1,0,0,0,1,0,0,0,1,1,0,0,0
5,0,0,0,0,0,0,0,0,1,0,0,1,0,0,1,0,1,0,0,1,0,1,0,0,0
5,0,0,0,0,0,0,0,1,1,0,0,2,0,1,0,0,1,0,0,0,1,1,0,0,0
5,0,0,0,0,0,0,0,0,1,0,0,1,1,0,0,0,1,0,0,0,1,1,1,0,0
5,0,0,0,0,0,0,0,1,1,0,0,2,1,0,0,0,1,0,0,0,1,1,0,0,0
4,0,0,0,0,0,1,0,0,0,1,0,1,1,0,0,0,1,0,1,0,0,1,0,0.693147181,0
4,0,0,0,0,0,0,0,1,0,1,0,2,1,0,0,0,1,0,1,0,0,1,0,0,0
4,0,0,0,0,0,0,0,0,1,1,0,2,1,0,0,0,1,0,0,0,1,1,0,0,0
4,0,0,0,0,0,0,0,0,0,1,0,1,0,1,0,0,1,0,0,0,1,1,1,0,0
4,0,0,0,0,0,0,0,1,0,0,1,2,1,0,0,0,1,0,1,0,0,1,0,0,0
4,0,0,0,0,0,0,0,0,1,0,0,1,1,0,0,1,0,0,1,0,0,1,1,0,0
4,0,0,0,0,0,0,0,0,1,1,0,2,1,0,0,0,1,0,1,0,0,1,0.5,0,0
4,0,1,0,0,0,0,0,0,1,0,0,1,1,0,0,0,1,0,0,0,1,1,1,0,0
4,0,2,0,1,0,0,0,1,1,0,0,2,1,0,0,0,1,0,1,0,0,1,0,0,0
4,1,0,0,1,0,0,0,1,1,1,0,3,1,1,1,0,1,0,0,0,1,1,0.5,0,0
4,0,0,0,0,0,0,0,1,1,1,0,3,NA,NA,NA,0,1,0,1,0,0,1,NA,0,0
4,0,0,0,0,0,0,0,0,0,1,0,1,0,1,0,0,1,0,0,0,1,1,0,0,0
4,0,0,0,0,0,0,0,0,1,0,0,1,0,1,0,0,1,0,0,0,1,1,0,0,0
4,0,0,0,0,0,0,0,0,1,0,0,1,1,0,0,1,0,0,1,0,0,1,0,0,0
3,0,0,0,0,0,0,0,1,1,1,0,3,1,0,0,0,1,0,0,0,1,1,1,0,0
3,0,0,0,0,0,0,0,0,1,0,0,1,1,0,0,0,1,0,0,0,1,1,0,0,0
3,0,0,0,0,0,0,0,0,1,1,0,2,0,0,1,1,0,0,1,0,0,1,NA,0,0
3,0,0,0,0,0,0,0,1,1,1,0,3,1,0,0,0,1,0,0,0,1,1,1,0,0
3,0,0,0,0,0,0,0,0,0,1,0,1,1,0,1,1,0,0,0,0,1,1,0,0,0
3,0,0,0,0,0,0,0,0,1,0,0,1,1,0,0,0,1,0,0,0,1,1,1,0,0
3,0,1,0,1,0,0,0,1,1,1,0,3,1,0,0,0,1,0,1,0,0,1,0,0,0
3,0,0,0,0,0,0,0,0,1,0,0,1,1,0,0,0,1,0,0,0,1,1,0.5,0,0
3,0,0,0,0,0,0,0,0,0,1,0,1,0,1,1,0,1,0,0,0,1,1,NA,0,0
3,0,0,0,0,0,0,0,1,1,0,0,2,1,0,0,0,1,0,0,0,1,1,0,0,0
3,0,0,0,0,0,0,0,0,1,0,0,1,1,0,0,0,1,0,0,0,1,1,0.5,0,0
3,0,1,0,0,0,0,0,0,0,1,0,1,1,0,0,0,1,0,1,0,0,1,0,0,0
2,1,0,0,1,0,0,0,1,0,0,0,1,1,0,0,0,1,0,0,0,1,1,0,0,0
2,0,1,0,0,0,0,0,0,0,1,0,1,1,0,0,0,1,0,0,0,1,1,0,0,0
2,0,2,0,1,0,0,0,0,0,1,0,1,1,0,0,0,1,0,1,0,0,1,0,0,0
2,0,1,0,1,0,0,0,0,0,1,0,1,0,1,0,1,0,0,0,0,1,1,0,0,0
2,0,0,0,0,0,0,0,0,0,1,0,1,1,0,0,0,1,0,1,0,0,1,0,0,0
2,0,0,0,0,0,0,0,NA,NA,NA,NA,NA,NA,NA,NA,0,1,0,0,0,1,1,NA,0,0
2,0,0,0,0,0,0,0,0,1,0,0,1,1,0,0,0,1,0,0,0,1,1,0,0,0
2,2,0,0,2,0,0,0,0,1,0,0,1,1,0,0,0,1,0,0,0,1,1,0,0,0
2,0,1,0,0,0,0,0,0,1,1,0,2,1,0,0,0,1,0,1,0,0,1,0,0,0
2,0,0,0,0,0,0,0,1,1,0,0,2,1,0,0,0,1,0,0,0,1,1,0.5,0,0
2,0,0,0,0,0,0,0,0,1,0,0,1,1,0,0,0,1,0,0,0,1,1,NA,0,0
2,0,0,0,0,0,0,0,1,1,1,0,3,1,0,0,0,1,0,0,0,1,1,1,0,0
2,0,0,0,0,0,0,0,0,1,0,0,1,0,1,0,0,1,0,0,0,1,1,0,0,0
2,0,0,0,0,0,0,0,0,1,0,0,1,0,1,0,1,0,0,0,0,1,1,0,0,0
2,0,0,0,0,0,0,1,1,1,1,0,3,1,0,0,0,1,0,0,0,1,1,NA,0,0.693147181
2,0,0,0,0,0,0,0,0,1,0,0,1,0,1,0,1,0,0,0,0,1,1,0,0,0
2,0,0,0,0,0,0,0,1,1,0,0,2,1,0,0,0,1,0,0,0,1,1,0,0,0
2,0,0,0,0,0,0,0,1,1,0,0,2,1,0,0,0,1,0,0,0,1,1,0,0,0
2,0,1,0,0,0,0,0,0,1,0,0,1,1,0,0,0,1,0,1,0,0,1,0,0,0
2,0,0,0,0,0,0,0,1,1,0,0,2,1,0,0,0,1,0,1,0,0,1,1,0,0
2,0,0,0,0,0,0,0,0,1,1,0,2,0,1,0,0,1,0,0,0,1,1,0,0,0
2,0,0,0,0,0,0,0,1,0,0,1,2,1,0,0,0,1,0,1,0,0,1,0,0,0
1,0,0,0,0,0,0,0,0,0,1,0,1,0,1,0,0,1,0,0,0,1,1,0,0,0
1,0,0,0,0,0,0,0,1,0,0,0,1,0,1,0,0,1,0,0,0,1,1,NA,0,0
1,0,0,0,0,0,0,0,0,1,0,0,1,1,0,0,0,1,0,0,0,1,1,NA,0,0
1,0,0,0,0,0,0,0,0,1,0,0,1,0,1,0,1,0,0,0,0,1,1,0,0,0
1,1,0,0,1,0,0,0,0,1,1,0,2,1,0,0,0,1,0,1,0,0,1,0,0,0
1,0,0,0,0,0,0,0,0,1,1,0,2,1,0,0,0,1,0,0,0,1,1,1,0,0
1,0,0,0,0,0,0,0,0,1,1,0,2,0,0,1,0,1,0,1,0,0,1,0,0,0
1,0,0,0,0,0,0,0,0,1,0,0,1,1,0,0,0,1,0,1,0,0,1,0,0,0
1,0,0,0,0,0,0,0,0,1,1,0,2,1,0,0,0,1,0,0,0,1,1,0,0,0
1,1,1,0,1,0,0,0,0,0,1,0,1,0,1,0,1,0,0,0,0,1,1,0,0,0
1,1,0,0,1,0,0,0,0,0,1,0,1,1,0,0,0,1,0,0,0,1,1,1,0,0
1,0,0,0,0,0,0,0,1,0,0,0,1,1,0,0,0,1,0,0,0,1,1,0,0,0
1,0,0,0,0,0,0,0,0,0,1,0,1,0,0,1,0,1,0,1,0,0,1,1,0,0
1,0,0,0,0,0,0,0,0,1,0,0,1,1,0,0,0,1,0,0,0,1,1,1,0,0
1,0,0,0,0,0,0,0,0,1,0,0,1,0,1,0,0,1,0,0,0,1,1,0,0,0
1,0,0,0,0,0,0,0,0,1,0,0,1,NA,NA,NA,0,1,0,1,0,0,1,NA,0,0
1,0,0,0,0,0,0,0,0,1,0,0,1,0,0,1,0,1,0,0,0,1,1,1,0,0
1,0,0,0,0,0,0,0,1,1,0,0,2,1,0,0,0,1,0,1,0,0,1,1,0,0
1,0,0,0,0,0,0,0,0,0,1,1,2,1,0,0,1,0,0,1,0,0,1,0,0,0
1,0,0,0,0,0,0,0,1,0,0,0,1,1,0,0,0,1,0,0,0,1,1,0,0,0
1,1,0,0,1,0,0,0,1,0,0,0,1,0,1,0,1,0,0,0,0,1,1,1,0,0
29152,654,50,2,1172,2,1695,229,1,1,1,1,4,1,0,0,0,1,1,1,0,1,2,0.5,7.436027816,5.438079309
13600,143,1252,20,660,159,319,140,1,1,1,1,4,1,1,1,1,0,1,1,0,1,2,0.5,5.768320996,4.94875989
6499,415,89,0,1348,18,146,37,1,1,1,0,3,1,0,0,1,1,1,1,0,1,2,5,4.990432587,3.63758616
6352,334,152,1,548,19,115,1,1,1,1,0,3,1,1,1,0,1,1,1,0,1,2,0.5,4.753590191,0.693147181
6311,26,72,2,80,3,195,6,1,1,1,1,4,1,1,0,0,1,0,1,0,1,2,0.5,5.278114659,1.945910149
4589,109,84,1,239,19,81,0,1,1,1,0,3,1,1,1,1,1,1,1,0,1,2,0.5,4.406719247,0
4513,241,16,0,329,7,1,0,1,1,1,0,3,1,1,1,0,1,1,1,0,1,2,0.5,0.693147181,0
3535,133,45,3,158,7,34,1,1,1,1,0,3,1,0,1,0,1,1,1,0,1,2,0.5,3.555348061,0.693147181
3495,149,24,0,221,3,105,8,1,1,0,0,2,1,0,0,1,1,0,1,0,1,2,0.5,4.663439094,2.197224577
3386,53,148,4,133,19,76,1,1,1,1,0,3,1,1,1,0,1,0,1,0,1,2,1,4.343805422,0.693147181
3343,77,75,2,208,9,303,0,1,1,1,1,4,1,0,0,0,1,0,1,0,1,2,0.5,5.717027701,0
2851,128,63,1,243,10,30,0,1,1,1,0,3,0,1,1,0,1,1,1,0,1,2,0.5,3.433987204,0
2631,12,124,4,32,5,169,18,1,1,1,1,4,1,0,0,0,1,0,1,0,1,2,0,5.135798437,2.944438979
2579,57,39,0,104,4,45,0,1,1,1,1,4,1,0,1,0,1,0,1,0,1,2,0.5,3.828641396,0
2517,50,187,12,122,17,87,0,1,1,1,0,3,1,0,0,1,1,0,1,0,1,2,0,4.477336814,0
2230,12,100,11,28,11,71,0,1,1,1,0,3,1,0,1,0,1,0,1,0,1,2,0.5,4.276666119,0
2212,84,26,0,128,4,1,0,1,1,1,0,3,1,1,1,0,1,1,1,0,1,2,0.5,0.693147181,0
2138,39,38,0,56,3,220,0,1,1,1,1,4,1,0,0,0,1,0,1,0,1,2,0.5,5.398162702,0
2119,18,15,0,30,0,7,0,1,1,1,0,3,1,0,0,0,1,0,1,0,1,2,0.5,2.079441542,0
1919,90,33,0,166,5,7,0,1,1,0,0,2,1,1,1,0,1,1,0,1,1,2,0.5,2.079441542,0
1876,177,40,0,243,7,3,1,1,1,1,0,3,1,0,1,0,1,0,1,0,1,2,0.5,1.386294361,0.693147181
1773,24,10,0,34,4,0,0,1,1,0,0,2,1,0,1,0,1,1,0,1,1,2,0.5,0,0
1485,9,179,11,37,9,195,0,1,1,1,1,4,1,0,1,1,1,1,1,0,1,2,0.5,5.278114659,0
1453,8,83,1,13,8,44,0,0,1,1,1,3,1,0,0,1,0,0,1,0,1,2,0,3.80666249,0
1354,49,12,0,71,1,49,0,1,1,1,0,3,1,1,1,0,1,1,1,0,1,2,0.5,3.912023005,0
1346,0,35,3,0,2,67,23,1,1,1,0,3,1,0,0,0,1,0,1,0,1,2,0,4.219507705,3.17805383
1222,10,56,0,17,8,1,0,1,1,1,0,3,1,0,0,0,1,0,1,0,1,2,0,0.693147181,0
1144,59,11,0,76,4,2,0,1,1,1,0,3,1,0,0,0,1,0,1,0,1,2,0.5,1.098612289,0
1122,19,74,8,29,17,62,0,1,1,1,0,3,1,0,0,0,1,0,1,0,1,2,0.5,4.143134726,0
993,32,50,0,82,7,10,0,1,1,1,0,3,1,0,0,0,1,0,1,0,1,2,0,2.397895273,0
974,31,18,0,47,1,1,0,1,1,0,0,2,1,0,1,0,1,1,0,1,1,2,0.5,0.693147181,0
955,30,31,4,36,21,82,0,0,1,1,0,2,1,0,0,0,1,0,1,0,1,2,1,4.418840608,0
827,15,55,4,40,6,19,0,1,1,1,0,3,1,0,0,0,1,1,1,0,1,2,NA,2.995732274,0
772,21,4,0,34,1,0,0,1,1,1,0,3,1,1,0,0,1,0,1,0,1,2,0,0,0
511,5,21,0,6,3,2,0,1,1,1,1,4,1,0,0,0,1,0,1,0,1,2,0.5,1.098612289,0
481,8,12,0,10,4,138,9,1,1,1,0,3,1,0,0,0,1,0,1,0,1,2,0,4.934473933,2.302585093
438,43,15,1,65,3,1,0,1,1,1,0,3,1,0,1,0,1,0,0,1,1,2,0.5,0.693147181,0
428,4,16,0,33,1,0,0,1,1,1,0,3,1,0,0,0,1,0,1,1,0,2,NA,0,0
413,2,33,1,2,4,9,0,0,0,1,0,1,1,0,0,0,1,1,1,0,1,2,1,2.302585093,0
366,4,23,2,6,1,21,0,0,1,1,0,2,1,1,0,0,1,0,1,0,1,2,0.5,3.091042453,0
364,0,17,5,0,1,11,0,0,1,1,0,2,1,0,0,0,1,0,1,0,1,2,0,2.48490665,0
295,0,5,0,0,3,0,0,1,1,1,0,3,0,1,0,0,1,1,1,0,1,2,1,0,0
261,17,1,0,24,0,0,0,1,1,0,0,2,0,0,1,0,1,0,1,0,1,2,1,0,0
230,3,15,0,21,1,0,0,1,1,1,0,3,1,0,1,0,1,0,1,0,1,2,0,0,0
209,46,0,0,117,0,36,0,0,1,0,0,1,0,1,0,0,1,0,1,1,0,2,0,3.610917913,0
196,4,11,0,22,4,1,0,0,0,1,0,1,0,1,1,0,1,1,1,0,1,2,0,0.693147181,0
190,1,10,0,6,0,0,0,1,1,1,0,3,1,0,1,0,1,0,1,1,0,2,0,0,0
183,4,0,0,4,0,0,0,0,1,0,0,1,1,0,0,0,1,0,0,1,1,2,0.5,0,0
180,0,8,0,2,2,1,0,0,1,1,0,2,1,1,0,0,1,0,1,0,1,2,0.5,0.693147181,0
146,6,10,0,26,6,9,0,1,1,1,0,3,1,1,0,0,1,0,1,0,1,2,0.5,2.302585093,0
143,6,7,0,20,2,0,0,0,1,0,0,1,1,0,0,0,1,0,1,0,1,2,0.5,0,0
138,0,6,0,2,1,0,0,1,1,0,0,2,1,0,0,0,1,0,1,0,1,2,0,0,0
133,0,14,0,0,3,0,0,1,1,1,0,3,1,1,0,0,1,0,1,0,1,2,0.5,0,0
97,0,0,0,0,0,1,0,0,1,0,0,1,1,0,0,0,1,0,1,0,1,2,0,0.693147181,0
93,4,2,0,7,2,0,0,1,1,0,0,2,1,1,0,0,1,0,1,0,1,2,1,0,0
79,1,12,2,5,2,4,0,0,1,0,0,1,0,0,1,0,1,0,1,0,1,2,1,1.609437912,0
67,1,7,0,15,0,0,0,1,1,1,0,3,1,0,0,0,1,0,1,0,1,2,0,0,0
63,0,0,0,0,0,0,0,1,1,0,0,2,NA,NA,NA,0,1,0,1,1,0,2,NA,0,0
58,0,2,0,0,0,0,0,1,1,1,0,3,NA,NA,NA,0,1,0,1,0,1,2,NA,0,0
48,0,3,1,0,0,1,0,0,1,1,0,2,0,1,1,0,1,0,0,1,1,2,1,0.693147181,0
36,1,4,0,2,0,11,0,0,0,1,0,1,1,0,0,0,1,1,1,0,1,2,0,2.48490665,0
29,0,3,0,0,0,0,0,1,1,0,0,2,1,0,0,0,1,0,1,0,1,2,0,0,0
28,0,0,0,0,0,0,0,1,1,1,0,3,1,0,0,0,1,0,0,1,1,2,0,0,0
26,0,2,0,0,0,1,0,0,0,1,1,2,1,0,0,0,1,0,1,0,1,2,0,0.693147181,0
26,0,1,0,0,0,0,0,1,1,0,0,2,1,0,0,0,1,0,0,1,1,2,0,0,0
24,2,3,0,2,0,0,0,1,1,0,0,2,1,1,0,0,1,0,1,0,1,2,0,0,0
22,3,0,0,3,0,0,0,0,1,0,0,1,1,0,0,0,1,0,0,1,1,2,0,0,0
22,0,1,0,1,0,0,0,1,1,1,0,3,1,0,0,0,1,0,1,0,1,2,1,0,0
14,0,0,0,0,0,0,0,0,1,1,0,2,1,0,0,0,1,0,1,0,1,2,NA,0,0
7,0,0,0,0,0,0,0,1,1,0,0,2,1,0,0,1,0,0,1,0,1,2,1,0,0
7,0,3,0,0,0,1,0,1,1,0,0,2,1,0,0,0,1,0,1,0,1,2,0,0.693147181,0
5,0,0,0,0,0,0,0,0,1,0,0,1,1,0,0,0,1,0,1,0,1,2,0.5,0,0
3,0,0,0,0,0,0,0,1,1,1,0,3,0,1,1,1,0,0,1,0,1,2,0,0,0
52986,648,0,0,1029,212,818,42,1,1,1,1,4,1,1,1,1,1,1,1,1,1,3,0,6.708084084,3.761200116
38622,887,0,0,2154,164,169,1,1,1,1,1,4,1,0,1,1,1,1,1,1,1,3,0.5,5.135798437,0.693147181
14722,245,630,47,408,85,2755,43,1,1,1,1,4,1,0,0,1,1,1,1,1,1,3,0.5,7.921535632,3.784189634
14718,550,149,1,799,14,68,0,1,1,1,1,4,1,1,1,0,1,1,1,1,1,3,0.5,4.234106505,0
9698,341,32,0,427,10,2,0,1,1,0,0,2,1,1,0,0,1,1,1,1,1,3,0.5,1.098612289,0
8723,163,376,18,281,35,524,2,1,1,1,1,4,1,1,1,0,1,0,1,1,1,3,0.5,6.263398263,1.098612289
8651,206,92,0,294,18,60,0,1,1,1,0,3,1,0,0,0,1,1,1,1,1,3,0.5,4.110873864,0
8152,249,232,6,390,22,156,3,1,1,1,1,4,1,1,1,0,1,1,1,1,1,3,0.5,5.056245805,1.386294361
7872,273,109,0,426,12,4,1,1,1,1,0,3,1,0,0,0,1,0,1,1,1,3,0,1.609437912,0.693147181
6933,320,199,4,496,19,61,0,1,1,1,0,3,1,1,1,0,1,1,1,1,1,3,0.5,4.127134385,0
6463,74,179,0,167,14,31,1,1,1,1,1,4,1,0,1,0,1,1,1,1,1,3,0,3.465735903,0.693147181
5833,98,307,5,152,47,169,2,1,1,1,1,4,1,0,0,1,1,1,1,1,1,3,0,5.135798437,1.098612289
5616,77,213,6,110,54,90,1,1,1,1,1,4,1,1,1,0,1,0,1,1,1,3,0,4.510859507,0.693147181
5591,39,204,5,53,26,57,1,1,1,1,0,3,1,1,0,0,1,1,1,1,1,3,0.5,4.060443011,0.693147181
5440,74,255,7,138,25,27,0,1,1,1,0,3,1,0,1,0,1,1,1,1,1,3,0.5,3.33220451,0
5177,23,162,4,80,17,186,0,1,1,1,1,4,1,1,0,1,1,1,1,1,1,3,0.5,5.231108617,0
4715,112,13,0,130,0,0,0,1,1,0,0,2,1,0,0,0,1,0,1,1,1,3,1,0,0
4441,19,60,2,54,7,130,0,1,1,1,1,4,1,0,0,0,1,0,1,1,1,3,0,4.875197323,0
4389,142,6,0,184,2,121,14,1,1,1,0,3,1,0,1,0,1,0,1,1,1,3,0.5,4.804021045,2.708050201
4247,19,154,3,47,24,14,0,1,1,1,0,3,1,1,0,0,1,0,1,1,1,3,0.5,2.708050201,0
4110,8,234,6,16,19,121,0,1,1,1,1,4,1,0,1,1,0,1,1,1,1,3,0,4.804021045,0
3650,14,65,2,38,1,5,3,1,1,0,0,2,1,1,1,0,1,0,1,1,1,3,0.5,1.791759469,1.386294361
3544,26,265,11,38,29,107,0,1,1,1,0,3,1,1,1,0,1,1,1,1,1,3,0.5,4.682131227,0
3538,0,58,0,0,7,66,0,1,1,1,0,3,1,0,0,0,1,1,1,1,1,3,0,4.204692619,0
2944,33,46,0,59,9,10,0,1,1,1,0,3,0,1,1,1,0,1,1,1,1,3,0.5,2.397895273,0
2835,27,196,19,59,22,199,1,1,1,1,1,4,1,1,1,1,0,1,1,1,1,3,0,5.298317367,0.693147181
2594,205,79,0,243,22,39,1,1,1,1,1,4,1,0,0,0,1,0,1,1,1,3,0.5,3.688879454,0.693147181
2237,108,37,1,176,5,22,0,1,1,0,0,2,1,0,0,0,1,1,1,1,1,3,NA,3.135494216,0
1984,18,89,7,22,7,653,0,1,1,1,1,4,1,0,0,0,1,0,1,1,1,3,0,6.483107351,0
1772,6,50,0,8,12,4,0,1,1,1,0,3,1,1,1,0,1,1,1,1,1,3,0.5,1.609437912,0
1742,72,22,0,80,28,67,0,1,1,0,0,2,0,0,1,0,1,0,1,1,1,3,0.5,4.219507705,0
1696,53,43,0,151,5,3,1,0,1,1,0,2,0,1,1,1,0,1,1,1,1,3,0.5,1.386294361,0.693147181
1648,4,36,1,12,7,5,0,1,1,1,0,3,1,1,1,0,1,0,1,1,1,3,1,1.791759469,0
1533,14,4,0,23,2,2,0,1,1,1,0,3,1,1,1,0,1,0,1,1,1,3,0.5,1.098612289,0
1386,27,26,0,39,6,38,0,1,1,1,1,4,1,0,0,0,1,1,1,1,1,3,NA,3.663561646,0
1375,26,45,3,43,7,24,0,1,1,0,0,2,1,1,1,0,1,0,1,1,1,3,NA,3.218875825,0
1364,14,7,0,27,1,1,0,1,1,0,0,2,1,0,0,0,1,0,1,1,1,3,0.5,0.693147181,0
1155,42,52,2,53,18,5,1,1,1,1,0,3,1,0,0,0,1,1,1,1,1,3,0.5,1.791759469,0.693147181
931,13,7,0,20,1,0,0,1,1,1,0,3,0,1,1,0,1,0,1,1,1,3,0.5,0,0
922,0,37,1,4,4,27,0,0,1,1,1,3,1,0,0,0,1,0,1,1,1,3,0,3.33220451,0
806,11,19,0,19,7,3,0,1,1,1,0,3,1,0,1,0,1,0,1,1,1,3,0,1.386294361,0
765,37,74,3,86,9,23,0,1,1,1,0,3,1,0,1,0,1,0,1,1,1,3,0.5,3.17805383,0
753,30,20,0,31,4,1,0,1,1,1,0,3,1,0,0,0,1,0,1,1,1,3,0.5,0.693147181,0
583,4,2,0,6,0,1,0,1,1,1,0,3,1,0,0,0,1,0,1,1,1,3,0.5,0.693147181,0
481,8,11,0,12,3,1,0,1,1,1,0,3,1,1,0,0,1,1,1,1,1,3,0.5,0.693147181,0
449,14,4,0,16,2,1,0,1,1,1,0,3,1,0,0,0,1,0,1,1,1,3,0,0.693147181,0
370,0,17,0,0,0,1,0,1,1,0,0,2,1,0,1,0,1,0,1,1,1,3,0,0.693147181,0
305,0,4,0,0,1,14,0,1,1,1,0,3,NA,NA,NA,0,1,0,1,1,1,3,NA,2.708050201,0
290,0,2,0,4,0,0,0,1,0,0,0,1,0,0,1,0,1,0,1,1,1,3,0,0,0
288,5,1,0,5,0,0,0,1,1,0,0,2,1,1,1,0,1,0,1,1,1,3,0.5,0,0
82,1,3,0,1,0,3,0,0,1,1,0,2,1,0,1,0,1,0,1,1,1,3,0,1.386294361,0